time,electricity_rate_w,present_take_wh
08:27:32.444,242,4202
08:27:42.258,242,4202
08:27:57.254,242,4166
08:28:12.265,242,4130
08:28:27.308,242,4166
08:28:42.319,242,4112
08:28:57.314,242,4130
08:29:12.309,242,4112
08:29:27.320,242,4094
08:29:42.315,242,4057
08:29:57.326,242,4075
08:30:12.337,242,4057
08:30:27.348,242,4057
08:30:42.359,242,4021
08:30:57.370,242,4021
08:31:12.397,242,4003
08:31:27.392,242,4003
08:31:42.403,242,3967
08:31:57.415,242,3967
08:32:12.427,242,3949
08:32:27.454,242,3931
08:32:42.449,242,3931
08:32:57.445,242,3913
08:33:12.470,242,3895
08:33:27.467,242,3877
08:33:42.508,242,3877
08:33:57.487,242,3877
08:34:12.498,242,3877
08:34:27.510,242,3841
08:34:42.520,242,3859
08:34:57.547,242,3859
08:35:12.542,242,3841
08:35:27.553,242,3823
08:35:42.549,242,3823
08:35:57.559,242,3805
08:36:12.570,242,3823
08:36:27.565,242,3805
08:36:42.592,242,3805
08:36:57.604,242,3805
08:37:12.599,242,3805
08:37:27.609,242,3787
08:37:42.620,242,3769
08:37:57.632,242,3805
08:38:12.626,242,3751
08:38:27.638,242,3733
08:38:42.648,242,3733
08:38:57.659,242,3715
08:39:12.670,242,3733
08:39:27.681,242,3697
08:39:42.692,242,3697
08:39:57.719,242,3679
08:40:12.714,242,3697
08:40:27.710,242,3643
08:40:42.719,242,3661
08:40:57.731,242,3607
08:41:12.742,242,3607
08:41:27.753,242,3625
08:41:42.747,242,3589
08:41:57.759,242,3625
08:42:12.770,242,3570
08:42:27.765,242,3570
08:42:42.776,242,3589
08:42:57.803,242,3534
08:43:12.814,242,3516
08:43:27.825,242,3552
08:43:42.837,242,3516
08:43:57.847,242,3498
08:44:12.844,242,3516
08:44:27.855,242,3480
08:44:42.881,242,3498
08:44:57.876,242,3480
08:45:12.887,242,3480
08:45:27.882,242,3462
08:45:42.909,242,3480
08:45:57.903,242,3444
08:46:12.899,242,3426
08:46:27.910,242,3408
08:46:42.921,242,3390
08:46:57.964,242,3372
08:47:12.928,242,3390
08:47:27.939,242,3408
08:47:42.950,242,3408
08:47:57.961,242,3390
08:48:12.987,242,3372
08:48:27.967,242,3354
08:48:42.978,242,3354
08:48:57.988,242,3336
08:49:12.999,242,3336
08:49:28.027,242,3354
08:49:43.038,242,3336
08:49:58.032,242,3336
08:50:13.059,242,3354
08:50:28.070,242,3318
08:50:43.065,242,3336
08:50:58.060,242,3318
08:51:13.071,242,3282
08:51:28.098,242,3282
08:51:43.076,242,3282
08:51:58.088,242,3246
08:52:13.098,242,3246
08:52:28.094,242,3264
08:52:43.120,242,3228
08:52:58.116,242,3264
08:53:13.142,242,3246
08:53:28.121,242,3228
08:53:43.131,242,3192
08:53:58.158,242,3228
08:54:13.169,242,3228
08:54:28.148,242,3174
08:54:43.158,242,3156
08:54:58.187,242,3120
08:55:13.212,242,3138
08:55:28.206,242,3120
08:55:43.202,242,3120
08:55:58.213,242,3084
08:56:13.207,242,3102
08:56:28.218,242,3102
08:56:43.229,242,3084
08:56:58.224,242,3102
08:57:13.236,242,3066
