time,opstate,electricity_w,capacity_wh,take_wh,mark,other
08:27:32.444,1 Running Normal,242,12011,4202,,
08:27:42.258,1 Running Normal,242,12011,4202,,
08:27:57.254,1 Running Normal,242,12011,4166,,
08:28:12.265,1 Running Normal,242,12011,4130,,
08:28:27.308,1 Running Normal,242,12011,4166,,
08:28:42.319,1 Running Normal,242,12011,4112,,
08:28:57.314,1 Running Normal,242,12011,4130,,
08:29:12.309,1 Running Normal,242,12011,4112,,
08:29:27.320,1 Running Normal,242,12011,4094,,
08:29:42.315,1 Running Normal,242,12011,4057,,
08:29:57.326,1 Running Normal,242,12011,4075,,
08:30:12.337,1 Running Normal,242,12011,4057,,
08:30:27.348,1 Running Normal,242,12011,4057,,
08:30:42.359,1 Running Normal,242,12011,4021,,
08:30:57.370,1 Running Normal,242,12011,4021,,
08:31:12.397,1 Running Normal,242,12011,4003,,
08:31:27.392,1 Running Normal,242,12011,4003,,
08:31:42.403,1 Running Normal,242,12011,3967,,
08:31:57.415,1 Running Normal,242,12011,3967,,
08:32:12.427,1 Running Normal,242,12011,3949,,
08:32:27.454,1 Running Normal,242,12011,3931,,
08:32:42.449,1 Running Normal,242,12011,3931,,
08:32:57.445,1 Running Normal,242,12011,3913,,
08:33:12.470,1 Running Normal,242,12011,3895,,
08:33:27.467,1 Running Normal,242,12011,3877,,
08:33:42.508,1 Running Normal,242,12011,3877,,
08:33:57.487,1 Running Normal,242,12011,3877,,
08:34:12.498,1 Running Normal,242,12011,3877,,
08:34:27.510,1 Running Normal,242,12011,3841,,
08:34:42.520,1 Running Normal,242,12011,3859,,
08:34:57.547,1 Running Normal,242,12011,3859,,
08:35:12.542,1 Running Normal,242,12011,3841,,
08:35:27.553,1 Running Normal,242,12011,3823,,
08:35:42.549,1 Running Normal,242,12011,3823,,
08:35:57.559,1 Running Normal,242,12011,3805,,
08:36:12.570,1 Running Normal,242,12011,3823,,
08:36:27.565,1 Running Normal,242,12011,3805,,
08:36:42.592,1 Running Normal,242,12011,3805,,
08:36:57.604,1 Running Normal,242,12011,3805,,
08:37:12.599,1 Running Normal,242,12011,3805,,
08:37:27.609,1 Running Normal,242,12011,3787,,
08:37:42.620,1 Running Normal,242,12011,3769,,
08:37:57.632,1 Running Normal,242,12011,3805,,
08:38:12.626,1 Running Normal,242,12011,3751,,
08:38:27.638,1 Running Normal,242,12011,3733,,
08:38:42.648,1 Running Normal,242,12011,3733,,
08:38:57.659,1 Running Normal,242,12011,3715,,
08:39:12.670,1 Running Normal,242,12011,3733,,
08:39:27.681,1 Running Normal,242,12011,3697,,
08:39:42.692,1 Running Normal,242,12011,3697,,
08:39:57.719,1 Running Normal,242,12011,3679,,
08:40:12.714,1 Running Normal,242,12011,3697,,
08:40:27.710,1 Running Normal,242,12011,3643,,
08:40:42.719,1 Running Normal,242,12011,3661,,
08:40:57.731,1 Running Normal,242,12011,3607,,
08:41:12.742,1 Running Normal,242,12011,3607,,
08:41:27.753,1 Running Normal,242,12011,3625,,
08:41:42.747,1 Running Normal,242,12011,3589,,
08:41:57.759,1 Running Normal,242,12011,3625,,
08:42:12.770,1 Running Normal,242,12011,3570,,
08:42:27.765,1 Running Normal,242,12011,3570,,
08:42:42.776,1 Running Normal,242,12011,3589,,
08:42:57.803,1 Running Normal,242,12011,3534,,
08:43:12.814,1 Running Normal,242,12011,3516,,
08:43:27.825,1 Running Normal,242,12011,3552,,
08:43:42.837,1 Running Normal,242,12011,3516,,
08:43:57.847,1 Running Normal,242,12011,3498,,
08:44:12.844,1 Running Normal,242,12011,3516,,
08:44:27.855,1 Running Normal,242,12011,3480,,
08:44:42.881,1 Running Normal,242,12011,3498,,
08:44:57.876,1 Running Normal,242,12011,3480,,
08:45:12.887,1 Running Normal,242,12011,3480,,
08:45:27.882,1 Running Normal,242,12011,3462,,
08:45:42.909,1 Running Normal,242,12011,3480,,
08:45:57.903,1 Running Normal,242,12011,3444,,
08:46:12.899,1 Running Normal,242,12011,3426,,
08:46:27.910,1 Running Normal,242,12011,3408,,
08:46:42.921,1 Running Normal,242,12011,3390,,
08:46:57.964,1 Running Normal,242,12011,3372,,
08:47:12.928,1 Running Normal,242,12011,3390,,
08:47:27.939,1 Running Normal,242,12011,3408,,
08:47:42.950,1 Running Normal,242,12011,3408,,
08:47:57.961,1 Running Normal,242,12011,3390,,
08:48:12.987,1 Running Normal,242,12011,3372,,
08:48:27.967,1 Running Normal,242,12011,3354,,
08:48:42.978,1 Running Normal,242,12011,3354,,
08:48:57.988,1 Running Normal,242,12011,3336,,
08:49:12.999,1 Running Normal,242,12011,3336,,
08:49:28.027,1 Running Normal,242,12011,3354,,
08:49:43.038,1 Running Normal,242,12011,3336,,
08:49:58.032,1 Running Normal,242,12011,3336,,
08:50:13.059,1 Running Normal,242,12011,3354,,
08:50:28.070,1 Running Normal,242,12011,3318,,
08:50:43.065,1 Running Normal,242,12011,3336,,
08:50:58.060,1 Running Normal,242,12011,3318,,
08:51:13.071,1 Running Normal,242,12011,3282,,
08:51:28.098,1 Running Normal,242,12011,3282,,
08:51:43.076,1 Running Normal,242,12011,3282,,
08:51:58.088,1 Running Normal,242,12011,3246,,
08:52:13.098,1 Running Normal,242,12011,3246,,
08:52:28.094,1 Running Normal,242,12011,3264,,
08:52:43.120,1 Running Normal,242,12011,3228,,
08:52:58.116,1 Running Normal,242,12011,3264,,
08:53:13.142,1 Running Normal,242,12011,3246,,
08:53:28.121,1 Running Normal,242,12011,3228,,
08:53:43.131,1 Running Normal,242,12011,3192,,
08:53:58.158,1 Running Normal,242,12011,3228,,
08:54:13.169,1 Running Normal,242,12011,3228,,
08:54:28.148,1 Running Normal,242,12011,3174,,
08:54:43.158,1 Running Normal,242,12011,3156,,
08:54:58.187,1 Running Normal,242,12011,3120,,
08:55:13.212,1 Running Normal,242,12011,3138,,
08:55:28.206,1 Running Normal,242,12011,3120,,
08:55:43.202,1 Running Normal,242,12011,3120,,
08:55:58.213,1 Running Normal,242,12011,3084,,
08:56:13.207,1 Running Normal,242,12011,3102,,
08:56:28.218,1 Running Normal,242,12011,3102,,
08:56:43.229,1 Running Normal,242,12011,3084,,
08:56:58.224,1 Running Normal,242,12011,3102,,
08:57:13.236,1 Running Normal,242,12011,3066,,
